hpo_id,name,definition,synonyms,text_for_embedding
HP:0000001,All,,[],All.  
HP:0000002,Abnormality of body height,Deviation from the norm of height with respect to that which is expected according to age and gender norms.,['Abnormality of body height'],Abnormality of body height. Deviation from the norm of height with respect to that which is expected according to age and gender norms. Abnormality of body height
HP:0000003,Multicystic kidney dysplasia,"Multicystic dysplasia of the kidney is characterized by multiple cysts of varying size in the kidney and the absence of a normal pelvicaliceal system. The condition is associated with ureteral or ureteropelvic atresia, and the affected kidney is nonfunctional.","['Multicystic dysplastic kidney', 'Multicystic kidneys', 'Multicystic renal dysplasia']","Multicystic kidney dysplasia. Multicystic dysplasia of the kidney is characterized by multiple cysts of varying size in the kidney and the absence of a normal pelvicaliceal system. The condition is associated with ureteral or ureteropelvic atresia, and the affected kidney is nonfunctional. Multicystic dysplastic kidney. Multicystic kidneys. Multicystic renal dysplasia"
HP:0000005,Mode of inheritance,The pattern in which a particular genetic trait or disorder is passed from one generation to the next.,['Inheritance'],Mode of inheritance. The pattern in which a particular genetic trait or disorder is passed from one generation to the next. Inheritance
HP:0000006,Autosomal dominant inheritance,"A mode of inheritance that is observed for traits related to a gene encoded on one of the autosomes (i.e., the human chromosomes 1-22) in which a trait manifests in heterozygotes. In the context of medical genetics, an autosomal dominant disorder is caused when a single copy of the mutant allele is present. Males and females are affected equally, and can both transmit the disorder with a risk of 50% for each child of inheriting the mutant allele.","['Autosomal dominant', 'monoallelic_autosomal', 'Autosomal dominant form', 'Autosomal dominant type']","Autosomal dominant inheritance. A mode of inheritance that is observed for traits related to a gene encoded on one of the autosomes (i.e., the human chromosomes 1-22) in which a trait manifests in heterozygotes. In the context of medical genetics, an autosomal dominant disorder is caused when a single copy of the mutant allele is present. Males and females are affected equally, and can both transmit the disorder with a risk of 50% for each child of inheriting the mutant allele. Autosomal dominant. monoallelic_autosomal. Autosomal dominant form. Autosomal dominant type"
HP:0000007,Autosomal recessive inheritance,"A mode of inheritance that is observed for traits related to a gene encoded on one of the autosomes (i.e., the human chromosomes 1-22) in which a trait manifests in individuals with two pathogenic alleles, either homozygotes (two copies of the same mutant allele) or compound heterozygotes (whereby each copy of a gene has a distinct mutant allele).","['Autosomal recessive', 'biallelic_autosomal', 'Autosomal recessive form', 'Autosomal recessive predisposition']","Autosomal recessive inheritance. A mode of inheritance that is observed for traits related to a gene encoded on one of the autosomes (i.e., the human chromosomes 1-22) in which a trait manifests in individuals with two pathogenic alleles, either homozygotes (two copies of the same mutant allele) or compound heterozygotes (whereby each copy of a gene has a distinct mutant allele). Autosomal recessive. biallelic_autosomal. Autosomal recessive form. Autosomal recessive predisposition"
HP:0000008,Abnormal morphology of female internal genitalia,An abnormality of the female internal genitalia.,['Abnormality of female internal genitalia'],Abnormal morphology of female internal genitalia. An abnormality of the female internal genitalia. Abnormality of female internal genitalia
HP:0000009,Functional abnormality of the bladder,Dysfunction of the urinary bladder.,['Poor bladder function'],Functional abnormality of the bladder. Dysfunction of the urinary bladder. Poor bladder function
HP:0000010,Recurrent urinary tract infections,Repeated infections of the urinary tract.,"['Frequent urinary tract infections', 'Recurrent UTIs', 'Repeated bladder infections', 'Repeated urinary tract infections', 'Urinary tract infections', 'Urinary tract infections, recurrent']","Recurrent urinary tract infections. Repeated infections of the urinary tract. Frequent urinary tract infections. Recurrent UTIs. Repeated bladder infections. Repeated urinary tract infections. Urinary tract infections. Urinary tract infections, recurrent"
HP:0000011,Neurogenic bladder,"A type of bladder dysfunction caused by neurologic damage. Neurogenic bladder can be flaccid or spastic. Common manifestatios of neurogenic bladder are overflow incontinence, frequency, urgency, urge incontinence, and retention.",['Lack of bladder control due to nervous system injury'],"Neurogenic bladder. A type of bladder dysfunction caused by neurologic damage. Neurogenic bladder can be flaccid or spastic. Common manifestatios of neurogenic bladder are overflow incontinence, frequency, urgency, urge incontinence, and retention. Lack of bladder control due to nervous system injury"
HP:0000012,Urinary urgency,"Urge incontinence is the strong, sudden need to urinate.","['Overactive bladder', 'Urgent micturition', 'Urinary urgency', 'Overactive bladder syndrome', 'Urgency frequency syndrome']","Urinary urgency. Urge incontinence is the strong, sudden need to urinate. Overactive bladder. Urgent micturition. Urinary urgency. Overactive bladder syndrome. Urgency frequency syndrome"
HP:0000013,Hypoplasia of the uterus,Underdevelopment of the uterus.,"['Hypoplastic uterus', 'Rudimentary uterus', 'Small uterus', 'Underdeveloped uterus']",Hypoplasia of the uterus. Underdevelopment of the uterus. Hypoplastic uterus. Rudimentary uterus. Small uterus. Underdeveloped uterus
HP:0000014,Abnormality of the bladder,An abnormality of the urinary bladder.,[],Abnormality of the bladder. An abnormality of the urinary bladder. 
HP:0000015,Bladder diverticulum,Diverticulum (sac or pouch) in the wall of the urinary bladder.,['Bladder diverticula'],Bladder diverticulum. Diverticulum (sac or pouch) in the wall of the urinary bladder. Bladder diverticula
HP:0000016,Urinary retention,Inability to completely empty the urinary bladder during the process of urination.,['Increased post-void residual urine volume'],Urinary retention. Inability to completely empty the urinary bladder during the process of urination. Increased post-void residual urine volume
HP:0000017,Nocturia,Abnormally increased production of urine during the night leading to an unusually frequent need to urinate.,['Nycturia'],Nocturia. Abnormally increased production of urine during the night leading to an unusually frequent need to urinate. Nycturia
HP:0000019,Urinary hesitancy,Difficulty in beginning the process of urination.,['Difficulty with flow'],Urinary hesitancy. Difficulty in beginning the process of urination. Difficulty with flow
HP:0000020,Urinary incontinence,Loss of the ability to control the urinary bladder leading to involuntary urination.,"['Bladder incontinence', 'Loss of bladder control']",Urinary incontinence. Loss of the ability to control the urinary bladder leading to involuntary urination. Bladder incontinence. Loss of bladder control
HP:0000021,Megacystis,Dilatation of the bladder postnatally.,[],Megacystis. Dilatation of the bladder postnatally. 
HP:0000022,Abnormal male internal genitalia morphology,An abnormality of the male internal genitalia.,[],Abnormal male internal genitalia morphology. An abnormality of the male internal genitalia. 
HP:0000023,Inguinal hernia,Protrusion of the contents of the abdominal cavity through the inguinal canal.,[],Inguinal hernia. Protrusion of the contents of the abdominal cavity through the inguinal canal. 
HP:0000024,Prostatitis,The presence of inflammation of the prostate.,['Inflammation of the prostate'],Prostatitis. The presence of inflammation of the prostate. Inflammation of the prostate
HP:0000025,Functional abnormality of male internal genitalia,,[],Functional abnormality of male internal genitalia.  
HP:0000026,Male hypogonadism,"Decreased functionality of the male gonad, i.e., of the testis, with reduced spermatogenesis or testosterone synthesis.",['Decreased function of male gonad'],"Male hypogonadism. Decreased functionality of the male gonad, i.e., of the testis, with reduced spermatogenesis or testosterone synthesis. Decreased function of male gonad"
HP:0000027,Azoospermia,"Absence of any measurable level of sperm,whereby spermatozoa cannot be observed even after centrifugation of the semen pellet.",['Absent sperm in semen'],"Azoospermia. Absence of any measurable level of sperm,whereby spermatozoa cannot be observed even after centrifugation of the semen pellet. Absent sperm in semen"
HP:0000028,Cryptorchidism,"Testis in inguinal canal. That is, absence of one or both testes from the scrotum owing to failure of the testis or testes to descend through the inguinal canal to the scrotum.","['Cryptorchism', 'Undescended testes', 'Undescended testis']","Cryptorchidism. Testis in inguinal canal. That is, absence of one or both testes from the scrotum owing to failure of the testis or testes to descend through the inguinal canal to the scrotum. Cryptorchism. Undescended testes. Undescended testis"
HP:0000029,Testicular atrophy,Wasting (atrophy) of the testicle (the male gonad) manifested by a decrease in size and potentially by a loss of fertility.,['Testicular degeneration'],Testicular atrophy. Wasting (atrophy) of the testicle (the male gonad) manifested by a decrease in size and potentially by a loss of fertility. Testicular degeneration
HP:0000030,Testicular gonadoblastoma,The presence of a gonadoblastoma of the testis.,"['Gonadoblastoma, male']","Testicular gonadoblastoma. The presence of a gonadoblastoma of the testis. Gonadoblastoma, male"
HP:0000031,Epididymitis,The presence of inflammation of the epididymis.,[],Epididymitis. The presence of inflammation of the epididymis. 
HP:0000032,Abnormal male external genitalia morphology,Any structural abnormality of male external genitalia.,['Abnormality of male external genitalia'],Abnormal male external genitalia morphology. Any structural abnormality of male external genitalia. Abnormality of male external genitalia
HP:0000033,"Ambiguous genitalia, male",Ambiguous genitalia in an individual with XY genetic gender.,['Ambiguous genitalia in males'],"Ambiguous genitalia, male. Ambiguous genitalia in an individual with XY genetic gender. Ambiguous genitalia in males"
HP:0000034,Hydrocele testis,Accumulation of clear fluid in the between the layers of membrane (tunica vaginalis) surrounding the testis.,"['Hydrocele', 'Testicular hydrocele']",Hydrocele testis. Accumulation of clear fluid in the between the layers of membrane (tunica vaginalis) surrounding the testis. Hydrocele. Testicular hydrocele
HP:0000035,Abnormal testis morphology,An anomaly of the testicle (the male gonad).,"['Abnormality of the testis', 'Anomaly of the testes']",Abnormal testis morphology. An anomaly of the testicle (the male gonad). Abnormality of the testis. Anomaly of the testes
HP:0000036,Abnormal penis morphology,Abnormality of the male external sex organ.,['Abnormality of the penis'],Abnormal penis morphology. Abnormality of the male external sex organ. Abnormality of the penis
HP:0000037,Male pseudohermaphroditism,"Hermaphroditism refers to a discrepancy between the morphology of the gonads and that of the external genitalia. In male pseudohermaphroditism, the genotype is male (XY) and the external genitalia are imcompletely virilized, ambiguous, or complete female. If gonads are present, they are testes.",[],"Male pseudohermaphroditism. Hermaphroditism refers to a discrepancy between the morphology of the gonads and that of the external genitalia. In male pseudohermaphroditism, the genotype is male (XY) and the external genitalia are imcompletely virilized, ambiguous, or complete female. If gonads are present, they are testes. "
HP:0000039,Epispadias,"Epispadias is a urogenital malformation characterized by the failure of the urethral tube to tubularize on the dorsal aspect. Unlike in hypospadias, where the meatus is on the ventral aspect, children with epispadias have a wide-open urethral plate on the dorsum. It is commonly seen as a component in the spectrum of bladder exstrophy-epispadias-complex. Isolated epispadias constitutes less than 10 percent of the total cases of epispadias.",[],"Epispadias. Epispadias is a urogenital malformation characterized by the failure of the urethral tube to tubularize on the dorsal aspect. Unlike in hypospadias, where the meatus is on the ventral aspect, children with epispadias have a wide-open urethral plate on the dorsum. It is commonly seen as a component in the spectrum of bladder exstrophy-epispadias-complex. Isolated epispadias constitutes less than 10 percent of the total cases of epispadias. "
HP:0000040,Long penis,Penile length more than 2 SD above the mean for age.,"['Enlarged penis', 'Long penis']",Long penis. Penile length more than 2 SD above the mean for age. Enlarged penis. Long penis
HP:0000041,Chordee,"Ventral (i.e., downward), lateral, or ventrolateral curvature of the shaft and glans penis of more than 30 degrees.",[],"Chordee. Ventral (i.e., downward), lateral, or ventrolateral curvature of the shaft and glans penis of more than 30 degrees. "
HP:0000042,Absent external genitalia,Lack of external genitalia in a male or female individual.,['Absent external genitalia'],Absent external genitalia. Lack of external genitalia in a male or female individual. Absent external genitalia
HP:0000044,Hypogonadotropic hypogonadism,Hypogonadotropic hypogonadism is characterized by reduced function of the gonads (testes in males or ovaries in females) and results from the absence of the gonadal stimulating pituitary hormones: follicle stimulating hormone (FSH) and luteinizing hormone (LH).,"['Hypogonadotrophic hypogonadism', 'Low gonadotropins (secondary hypogonadism)', 'Isolated hypogonadotropic hypogonadism']",Hypogonadotropic hypogonadism. Hypogonadotropic hypogonadism is characterized by reduced function of the gonads (testes in males or ovaries in females) and results from the absence of the gonadal stimulating pituitary hormones: follicle stimulating hormone (FSH) and luteinizing hormone (LH). Hypogonadotrophic hypogonadism. Low gonadotropins (secondary hypogonadism). Isolated hypogonadotropic hypogonadism
HP:0000045,Abnormal scrotum morphology,"Any structural abnormality of the scrotum, i.e., the sac that contains the testes, epididymis, and the lower part of the spermatic cord.",['Abnormality of the scrotum'],"Abnormal scrotum morphology. Any structural abnormality of the scrotum, i.e., the sac that contains the testes, epididymis, and the lower part of the spermatic cord. Abnormality of the scrotum"
HP:0000046,Small scrotum,Apparently small scrotum for age.,"['Hypoplastic scrotum', 'Scrotal hypoplasia', 'Smaller than typical growth of scrotum', 'Underdeveloped scrotum']",Small scrotum. Apparently small scrotum for age. Hypoplastic scrotum. Scrotal hypoplasia. Smaller than typical growth of scrotum. Underdeveloped scrotum
HP:0000047,Hypospadias,"Abnormal position of urethral meatus on the ventral penile shaft (underside) characterized by displacement of the urethral meatus from the tip of the glans penis to the ventral surface of the penis, scrotum, or perineum.",['Hypospadia'],"Hypospadias. Abnormal position of urethral meatus on the ventral penile shaft (underside) characterized by displacement of the urethral meatus from the tip of the glans penis to the ventral surface of the penis, scrotum, or perineum. Hypospadia"
HP:0000048,Bifid scrotum,Midline indentation or cleft of the scrotum.,"['Cleft of scrotum', 'Scrotal cleft']",Bifid scrotum. Midline indentation or cleft of the scrotum. Cleft of scrotum. Scrotal cleft
HP:0000049,Shawl scrotum,Superior margin of the scrotum superior to the base of the penis.,"['Overriding scrotum', 'Scrotum surrounds penis']",Shawl scrotum. Superior margin of the scrotum superior to the base of the penis. Overriding scrotum. Scrotum surrounds penis
HP:0000050,Hypoplastic male external genitalia,"Underdevelopment of part or all of the male external reproductive organs (which include the penis, the scrotum and the urethra).","['Hypoplastic male genitalia', 'Small male external genitalia', 'Underdeveloped male genitalia']","Hypoplastic male external genitalia. Underdevelopment of part or all of the male external reproductive organs (which include the penis, the scrotum and the urethra). Hypoplastic male genitalia. Small male external genitalia. Underdeveloped male genitalia"
HP:0000051,Perineal hypospadias,Hypospadias with location of the urethral meatus in the perineal region.,[],Perineal hypospadias. Hypospadias with location of the urethral meatus in the perineal region. 
HP:0000052,"Urethral atresia, male",Congenital anomaly characterized by closure or failure to develop an opening in the urethra in males.,[],"Urethral atresia, male. Congenital anomaly characterized by closure or failure to develop an opening in the urethra in males. "
HP:0000053,Macroorchidism,The presence of abnormally large testes.,"['Large testicles', 'Large testis']",Macroorchidism. The presence of abnormally large testes. Large testicles. Large testis
HP:0000054,Micropenis,"Abnormally small penis. At birth, the normal penis is about 3 cm (stretched length from pubic tubercle to tip of penis) with micropenis less than 2.0-2.5 cm.","['Short penis', 'Small penis']","Micropenis. Abnormally small penis. At birth, the normal penis is about 3 cm (stretched length from pubic tubercle to tip of penis) with micropenis less than 2.0-2.5 cm. Short penis. Small penis"
HP:0000055,Abnormal female external genitalia morphology,Any structural abnormality of the female external genitalia.,"['Abnormal female external genitalia', 'Abnormality of female external genitalia']",Abnormal female external genitalia morphology. Any structural abnormality of the female external genitalia. Abnormal female external genitalia. Abnormality of female external genitalia
HP:0000056,Abnormal clitoris morphology,Any structural abnormality of the clitoris.,"['Abnormality of the clit', 'Abnormality of the clitoris']",Abnormal clitoris morphology. Any structural abnormality of the clitoris. Abnormality of the clit. Abnormality of the clitoris
HP:0000057,obsolete Clitoromegaly,,[],obsolete Clitoromegaly.  
HP:0000058,Abnormal labia morphology,"An anomaly of the labia, the externally visible portions of the vulva.",['Abnormality of the labia'],"Abnormal labia morphology. An anomaly of the labia, the externally visible portions of the vulva. Abnormality of the labia"
HP:0000059,Hypoplastic labia majora,Undergrowth of the outer labia.,"['Hypoplasia of labia majora', 'Small labia majora', 'Underdeveloped vaginal lips']",Hypoplastic labia majora. Undergrowth of the outer labia. Hypoplasia of labia majora. Small labia majora. Underdeveloped vaginal lips
HP:0000060,Clitoral hypoplasia,Developmental hypoplasia of the clitoris.,"['Hypoplastic clitoris', 'Small clitoris', 'Underdeveloped clit']",Clitoral hypoplasia. Developmental hypoplasia of the clitoris. Hypoplastic clitoris. Small clitoris. Underdeveloped clit
HP:0000061,"Ambiguous genitalia, female",Ambiguous genitalia in an individual with XX genetic gender.,"['Atypical appearance of female genitals', 'Ambiguous genitalia due to virilization']","Ambiguous genitalia, female. Ambiguous genitalia in an individual with XX genetic gender. Atypical appearance of female genitals. Ambiguous genitalia due to virilization"
HP:0000062,Ambiguous genitalia,A genital phenotype that is not clearly assignable to a single gender. Ambiguous genitalia can be evaluated using the Prader scale: Prader 0: Normal female external genitalia. Prader 1: Female external genitalia with clitoromegaly. Prader 2: Clitoromegaly with partial labial fusion forming a funnel-shaped urogenital sinus. Prader 3: Increased phallic enlargement. Complete labioscrotal fusion forming a urogenital sinus with a single opening. Prader 4: Complete scrotal fusion with urogenital opening at the base or on the shaft of the phallus. Prader 5: Normal male external genitalia. The diagnosis of ambiguous genitalia is made for Prader 1-4.,"['Ambiguous external genitalia', 'Ambiguous external genitalia at birth', 'Intersex genitalia']",Ambiguous genitalia. A genital phenotype that is not clearly assignable to a single gender. Ambiguous genitalia can be evaluated using the Prader scale: Prader 0: Normal female external genitalia. Prader 1: Female external genitalia with clitoromegaly. Prader 2: Clitoromegaly with partial labial fusion forming a funnel-shaped urogenital sinus. Prader 3: Increased phallic enlargement. Complete labioscrotal fusion forming a urogenital sinus with a single opening. Prader 4: Complete scrotal fusion with urogenital opening at the base or on the shaft of the phallus. Prader 5: Normal male external genitalia. The diagnosis of ambiguous genitalia is made for Prader 1-4. Ambiguous external genitalia. Ambiguous external genitalia at birth. Intersex genitalia
HP:0000063,Fused labia minora,Fusion of the labia minora as a result of labial adhesions resulting in vaginal obstruction.,['Fused inner lips'],Fused labia minora. Fusion of the labia minora as a result of labial adhesions resulting in vaginal obstruction. Fused inner lips
HP:0000064,Hypoplastic labia minora,,['Underdeveloped inner lips'],Hypoplastic labia minora.  Underdeveloped inner lips
HP:0000065,Labial hypertrophy,,"['Enlarged vaginal lips', 'Enlargement of the labia', 'Enlargement of the vaginal lips']",Labial hypertrophy.  Enlarged vaginal lips. Enlargement of the labia. Enlargement of the vaginal lips
HP:0000066,Labial hypoplasia,,"['Hypoplastic labia', 'Underdeveloped labia']",Labial hypoplasia.  Hypoplastic labia. Underdeveloped labia
HP:0000067,"Urethral atresia, female",Congenital anomaly characterized by closure or failure to develop an opening in the urethra in females.,[],"Urethral atresia, female. Congenital anomaly characterized by closure or failure to develop an opening in the urethra in females. "
HP:0000068,Urethral atresia,Congenital anomaly characterized by closure or failure to develop an opening in the urethra.,"['Absent urethral opening', 'Urethral opening absent']",Urethral atresia. Congenital anomaly characterized by closure or failure to develop an opening in the urethra. Absent urethral opening. Urethral opening absent
HP:0000069,Abnormality of the ureter,An abnormality of the ureter. The ureter is the duct by which urine passes from the kidney to the bladder.,"['Abnormality of the ureters', 'Ureter issue', 'Ureteral anomalies']",Abnormality of the ureter. An abnormality of the ureter. The ureter is the duct by which urine passes from the kidney to the bladder. Abnormality of the ureters. Ureter issue. Ureteral anomalies
HP:0000070,Ureterocele,A ureterocele is a congenital saccular dilatation of the distal segment of the ureter.,[],Ureterocele. A ureterocele is a congenital saccular dilatation of the distal segment of the ureter. 
HP:0000071,Ureteral stenosis,"The presence of a stenotic, i.e., constricted ureter.","['Narrowing of the ureter', 'Ureteric stenosis']","Ureteral stenosis. The presence of a stenotic, i.e., constricted ureter. Narrowing of the ureter. Ureteric stenosis"
HP:0000072,Hydroureter,The distention of the ureter with urine.,"['Dilated ureter', 'Megaureter', 'Swelling of ureter', 'Ureteral dilatation', 'Wide ureter', 'Uroureter']",Hydroureter. The distention of the ureter with urine. Dilated ureter. Megaureter. Swelling of ureter. Ureteral dilatation. Wide ureter. Uroureter
HP:0000073,Ureteral duplication,"A developmental anomaly characterized by the presence of two, instead of one, ureter connecting a kidney to the bladder.",['Double ureter'],"Ureteral duplication. A developmental anomaly characterized by the presence of two, instead of one, ureter connecting a kidney to the bladder. Double ureter"
HP:0000074,Ureteropelvic junction obstruction,Blockage of urine flow from the renal pelvis to the proximal ureter.,"['Pelviureteric junction obstruction', 'Ureteropelvic junction stenosis']",Ureteropelvic junction obstruction. Blockage of urine flow from the renal pelvis to the proximal ureter. Pelviureteric junction obstruction. Ureteropelvic junction stenosis
HP:0000075,Renal duplication,"A congenital anomaly of the urinary tract, in which the kidney is duplicated and is drained via two separate renal pelves and ureters.","['Extra kidney', 'Supernumerary kidney']","Renal duplication. A congenital anomaly of the urinary tract, in which the kidney is duplicated and is drained via two separate renal pelves and ureters. Extra kidney. Supernumerary kidney"
HP:0000076,Vesicoureteral reflux,Abnormal (retrograde) movement of urine from the bladder into ureters or kidneys related to inadequacy of the valvular mechanism at the ureterovesicular junction or other causes.,"['Ureteral reflux', 'Ureteric reflux', 'VUR', 'Vesico-ureteral reflux', 'Vesicoureteric reflux']",Vesicoureteral reflux. Abnormal (retrograde) movement of urine from the bladder into ureters or kidneys related to inadequacy of the valvular mechanism at the ureterovesicular junction or other causes. Ureteral reflux. Ureteric reflux. VUR. Vesico-ureteral reflux. Vesicoureteric reflux
HP:0000077,Abnormality of the kidney,An abnormality of the kidney.,"['Abnormal kidney', 'Abnormality of the kidney', 'Renal anomalies', 'Renal anomaly']",Abnormality of the kidney. An abnormality of the kidney. Abnormal kidney. Abnormality of the kidney. Renal anomalies. Renal anomaly
HP:0000078,Abnormality of the genital system,An abnormality of the genital system.,"['Genital abnormalities', 'Genital abnormality', 'Genital anomalies', 'Genital defects', 'Abnormality of the reproductive system']",Abnormality of the genital system. An abnormality of the genital system. Genital abnormalities. Genital abnormality. Genital anomalies. Genital defects. Abnormality of the reproductive system
HP:0000079,Abnormality of the urinary system,An abnormality of the urinary system.,"['Urinary tract abnormalities', 'Urinary tract abnormality', 'Urinary tract anomalies']",Abnormality of the urinary system. An abnormality of the urinary system. Urinary tract abnormalities. Urinary tract abnormality. Urinary tract anomalies
HP:0000080,Abnormality of reproductive system physiology,An abnormal functionality of the genital system.,"['Abnormality of genital physiology', 'Abnormality of reproductive system physiology', 'Genital functional abnormality']",Abnormality of reproductive system physiology. An abnormal functionality of the genital system. Abnormality of genital physiology. Abnormality of reproductive system physiology. Genital functional abnormality
HP:0000081,Duplicated collecting system,"A duplication of the collecting system of the kidney, defined as a kidney with two (instead of, normally, one) pyelocaliceal systems. The pyelocaliceal system is comprised of the renal pelvis and calices. The duplicated renal collecting system can be associated with a single ureter or with double ureters. In the latter case, the two ureters empty separately into the bladder or fuse to form a single ureteral orifice.","['Double collecting system', 'Double urinary collecting systems on intravenous pyelography', 'Duplex collecting system', 'Duplicated renal collecting system']","Duplicated collecting system. A duplication of the collecting system of the kidney, defined as a kidney with two (instead of, normally, one) pyelocaliceal systems. The pyelocaliceal system is comprised of the renal pelvis and calices. The duplicated renal collecting system can be associated with a single ureter or with double ureters. In the latter case, the two ureters empty separately into the bladder or fuse to form a single ureteral orifice. Double collecting system. Double urinary collecting systems on intravenous pyelography. Duplex collecting system. Duplicated renal collecting system"
HP:0000083,Renal insufficiency,"A reduction in the level of performance of the kidneys in areas of function comprising the concentration of urine, removal of wastes, the maintenance of electrolyte balance, homeostasis of blood pressure, and calcium metabolism.","['Renal failure', 'Renal failure in adulthood']","Renal insufficiency. A reduction in the level of performance of the kidneys in areas of function comprising the concentration of urine, removal of wastes, the maintenance of electrolyte balance, homeostasis of blood pressure, and calcium metabolism. Renal failure. Renal failure in adulthood"
HP:0000085,Horseshoe kidney,A connection of the right and left kidney by an isthmus of functioning renal parenchyma or fibrous tissue that crosses the midline.,"['Fused kidneys', 'Horseshoe kidney', 'Horseshoe kidneys']",Horseshoe kidney. A connection of the right and left kidney by an isthmus of functioning renal parenchyma or fibrous tissue that crosses the midline. Fused kidneys. Horseshoe kidney. Horseshoe kidneys
HP:0000086,Ectopic kidney,A developmental defect in which a kidney is located in an abnormal anatomic position.,"['Abnormal kidney location', 'Displaced kidney', 'Ectopic kidneys', 'Renal ectopia']",Ectopic kidney. A developmental defect in which a kidney is located in an abnormal anatomic position. Abnormal kidney location. Displaced kidney. Ectopic kidneys. Renal ectopia
HP:0000089,Renal hypoplasia,Hypoplasia of the kidney.,"['Hypoplastic kidney', 'Hypoplastic kidneys', 'Small kidneys', 'Underdeveloped kidneys']",Renal hypoplasia. Hypoplasia of the kidney. Hypoplastic kidney. Hypoplastic kidneys. Small kidneys. Underdeveloped kidneys
HP:0000090,Nephronophthisis,Presence of cysts at the corticomedullary junction of the kidney in combination with tubulointerstitial fibrosis.,['juvenile nephronophthisis'],Nephronophthisis. Presence of cysts at the corticomedullary junction of the kidney in combination with tubulointerstitial fibrosis. juvenile nephronophthisis
HP:0000091,Abnormal renal tubule morphology,An abnormality of the renal tubules.,"['Abnormality of the renal tubule', 'Morphologic abnormality of the renal tubules']",Abnormal renal tubule morphology. An abnormality of the renal tubules. Abnormality of the renal tubule. Morphologic abnormality of the renal tubules
HP:0000092,Renal tubular atrophy,"The presence of renal tubules with thick redundant basement membranes, or a reduction of greater than 50% in tubular diameter compared to surrounding non-atrophic tubules.","['Renal tubular cell atrophy', 'Tubular atrophy']","Renal tubular atrophy. The presence of renal tubules with thick redundant basement membranes, or a reduction of greater than 50% in tubular diameter compared to surrounding non-atrophic tubules. Renal tubular cell atrophy. Tubular atrophy"
HP:0000093,Proteinuria,Increased levels of protein in the urine.,"['High urine protein levels', 'Protein in urine']",Proteinuria. Increased levels of protein in the urine. High urine protein levels. Protein in urine
HP:0000095,Abnormal renal glomerulus morphology,A structural anomaly of the glomerulus.,"['Abnormality of renal glomerulus morphology', 'Morphologic abnormality of the renal glomerulus']",Abnormal renal glomerulus morphology. A structural anomaly of the glomerulus. Abnormality of renal glomerulus morphology. Morphologic abnormality of the renal glomerulus
HP:0000096,Glomerular sclerosis,Accumulation of scar tissue within the glomerulus.,"['Renal glomerular fibrosis', 'Glomerulosclerosis']",Glomerular sclerosis. Accumulation of scar tissue within the glomerulus. Renal glomerular fibrosis. Glomerulosclerosis
HP:0000097,Focal segmental glomerulosclerosis,Segmental accumulation of scar tissue in individual (but not all) glomeruli.,"['Focal and segmental glomerular sclerosis', 'Focal and segmental glomerulosclerosis', 'focal glomerulosclerosis']",Focal segmental glomerulosclerosis. Segmental accumulation of scar tissue in individual (but not all) glomeruli. Focal and segmental glomerular sclerosis. Focal and segmental glomerulosclerosis. focal glomerulosclerosis
HP:0000098,Tall stature,A height above that which is expected according to age and gender norms.,"['Accelerated linear growth', 'Increased body height', 'Increased linear growth', 'Tall stature']",Tall stature. A height above that which is expected according to age and gender norms. Accelerated linear growth. Increased body height. Increased linear growth. Tall stature
HP:0000099,Glomerulonephritis,Inflammation of the renal glomeruli.,['Glomerular nephritis'],Glomerulonephritis. Inflammation of the renal glomeruli. Glomerular nephritis
HP:0000100,Nephrotic syndrome,"Nephrotic syndrome is a collection of findings resulting from glomerular dysfunction with an increase in glomerular capillary wall permeability associated with pronounced proteinuria. Nephrotic syndrome refers to the constellation of clinical findings that result from severe renal loss of protein, with Proteinuria and hypoalbuminemia, edema, and hyperlipidemia.",['Nephrosis'],"Nephrotic syndrome. Nephrotic syndrome is a collection of findings resulting from glomerular dysfunction with an increase in glomerular capillary wall permeability associated with pronounced proteinuria. Nephrotic syndrome refers to the constellation of clinical findings that result from severe renal loss of protein, with Proteinuria and hypoalbuminemia, edema, and hyperlipidemia. Nephrosis"
HP:0000103,Polyuria,An increased rate of urine production.,['Increased urine output'],Polyuria. An increased rate of urine production. Increased urine output
HP:0000104,Renal agenesis,"Agenesis, that is, failure of the kidney to develop during embryogenesis and development.","['Absent kidney', 'Missing kidney', 'Renal aplasia']","Renal agenesis. Agenesis, that is, failure of the kidney to develop during embryogenesis and development. Absent kidney. Missing kidney. Renal aplasia"
HP:0000105,Enlarged kidney,An abnormal increase in the size of the kidney.,"['Enlarged kidney', 'Large kidneys', 'Nephromegaly', 'Renal enlargement', 'Large kidney']",Enlarged kidney. An abnormal increase in the size of the kidney. Enlarged kidney. Large kidneys. Nephromegaly. Renal enlargement. Large kidney
HP:0000107,Renal cyst,A fluid filled sac in the kidney.,"['Kidney cyst', 'Cystic kidney disease', 'Cystic kidneys', 'Renal cysts']",Renal cyst. A fluid filled sac in the kidney. Kidney cyst. Cystic kidney disease. Cystic kidneys. Renal cysts
HP:0000108,Renal corticomedullary cysts,The presence of multiple cysts at the border between the renal cortex and medulla.,"['Corticomedullary renal cysts', 'Renal corticomedullary cystic disease']",Renal corticomedullary cysts. The presence of multiple cysts at the border between the renal cortex and medulla. Corticomedullary renal cysts. Renal corticomedullary cystic disease
HP:0000110,Renal dysplasia,The presence of developmental dysplasia of the kidney.,"['Dysplastic kidneys', 'Renal adysplasia']",Renal dysplasia. The presence of developmental dysplasia of the kidney. Dysplastic kidneys. Renal adysplasia
HP:0000111,Renal juxtaglomerular cell hypertrophy/hyperplasia,Increased number and size of the juxtaglomerular cells.,[],Renal juxtaglomerular cell hypertrophy/hyperplasia. Increased number and size of the juxtaglomerular cells. 
HP:0000112,Nephropathy,A nonspecific term referring to disease or damage of the kidneys.,"['Kidney damage', 'Kidney disease']",Nephropathy. A nonspecific term referring to disease or damage of the kidneys. Kidney damage. Kidney disease
HP:0000113,Polycystic kidney dysplasia,The presence of multiple cysts in both kidneys.,"['Polycystic kidneys', 'Polycystic kidney disease']",Polycystic kidney dysplasia. The presence of multiple cysts in both kidneys. Polycystic kidneys. Polycystic kidney disease
HP:0000114,Proximal tubulopathy,"Dysfunction of the proximal tubule, which is the portion of the duct system of the nephron of the kidney which leads from Bowman's capsule to the loop of Henle.","['Proximal renal tubule defect', 'Proximal renal tubulopathy', 'Proximal tubular defect', 'Proximal tubule dysfunction', 'Selective proximal tubular damage']","Proximal tubulopathy. Dysfunction of the proximal tubule, which is the portion of the duct system of the nephron of the kidney which leads from Bowman's capsule to the loop of Henle. Proximal renal tubule defect. Proximal renal tubulopathy. Proximal tubular defect. Proximal tubule dysfunction. Selective proximal tubular damage"
HP:0000117,Renal phosphate wasting,High urine phosphate in the presence of hypophosphatemia.,"['Decreased renal tubular phosphate reabsorption', 'Decreased tubular maximum for phosphate reabsorption per glomerular filtration rate', 'Tubular phosphate reabsorption low']",Renal phosphate wasting. High urine phosphate in the presence of hypophosphatemia. Decreased renal tubular phosphate reabsorption. Decreased tubular maximum for phosphate reabsorption per glomerular filtration rate. Tubular phosphate reabsorption low
HP:0000118,Phenotypic abnormality,A phenotypic abnormality.,['Organ abnormality'],Phenotypic abnormality. A phenotypic abnormality. Organ abnormality
HP:0000119,Abnormality of the genitourinary system,The presence of any abnormality of the genitourinary system.,"['Abnormality of the GU system', 'Genitourinary abnormality', 'Genitourinary tract anomalies', 'Genitourinary tract malformation', 'Urogenital abnormalities', 'Urogenital anomalies', 'Genitourinary disease', 'Genitourinary dysplasia']",Abnormality of the genitourinary system. The presence of any abnormality of the genitourinary system. Abnormality of the GU system. Genitourinary abnormality. Genitourinary tract anomalies. Genitourinary tract malformation. Urogenital abnormalities. Urogenital anomalies. Genitourinary disease. Genitourinary dysplasia
HP:0000121,Nephrocalcinosis,Nephrocalcinosis is the deposition of calcium salts in renal parenchyma.,"['Too much calcium deposited in kidneys', 'Increased calcium level in kidney']",Nephrocalcinosis. Nephrocalcinosis is the deposition of calcium salts in renal parenchyma. Too much calcium deposited in kidneys. Increased calcium level in kidney
HP:0000122,Unilateral renal agenesis,A unilateral form of agenesis of the kidney.,"['Absent kidney on one side', 'Missing one kidney', 'Single kidney', 'Unilateral kidney agenesis']",Unilateral renal agenesis. A unilateral form of agenesis of the kidney. Absent kidney on one side. Missing one kidney. Single kidney. Unilateral kidney agenesis
HP:0000123,Nephritis,The presence of inflammation affecting the kidney.,['Kidney inflammation'],Nephritis. The presence of inflammation affecting the kidney. Kidney inflammation
HP:0000124,Renal tubular dysfunction,"Abnormal function of the renal tubule. The basic functional unit of the kidney, the nephron, consists of a renal corpuscle attached to a renal tubule, with roughly 0.8 to 1.5 nephrons per adult kidney. The functions of the renal tubule include reabsorption of water, electrolytes, glucose, and amino acids and secretion of substances such as uric acid.","['Abnormal function of filtrating structures in kidney', 'Renal tubular defect', 'Renal tubular disease']","Renal tubular dysfunction. Abnormal function of the renal tubule. The basic functional unit of the kidney, the nephron, consists of a renal corpuscle attached to a renal tubule, with roughly 0.8 to 1.5 nephrons per adult kidney. The functions of the renal tubule include reabsorption of water, electrolytes, glucose, and amino acids and secretion of substances such as uric acid. Abnormal function of filtrating structures in kidney. Renal tubular defect. Renal tubular disease"
HP:0000125,Pelvic kidney,A developmental defect in which a kidney is located in an abnormal anatomic position within the pelvis.,['Sacral kidney'],Pelvic kidney. A developmental defect in which a kidney is located in an abnormal anatomic position within the pelvis. Sacral kidney
HP:0000126,Hydronephrosis,Severe distention of the kidney with dilation of the renal pelvis and calices.,[],Hydronephrosis. Severe distention of the kidney with dilation of the renal pelvis and calices. 
HP:0000127,Renal salt wasting,A high concentration of one or more electrolytes in the urine in the presence of low serum concentrations of the electrolyte(s).,"['Loss of salt in urine', 'Renal salt-wasting', 'Salt wasting', 'Salt-wasting']",Renal salt wasting. A high concentration of one or more electrolytes in the urine in the presence of low serum concentrations of the electrolyte(s). Loss of salt in urine. Renal salt-wasting. Salt wasting. Salt-wasting
HP:0000128,Renal potassium wasting,High urine potassium in the presence of hypokalemia.,['Renal K wasting'],Renal potassium wasting. High urine potassium in the presence of hypokalemia. Renal K wasting
HP:0000130,Abnormality of the uterus,An abnormality of the uterus.,"['Abnormality of the uterus', 'Uterine abnormalities', 'Uterine malformations']",Abnormality of the uterus. An abnormality of the uterus. Abnormality of the uterus. Uterine abnormalities. Uterine malformations
HP:0000131,Uterine leiomyoma,The presence of a leiomyoma of the uterus.,"['Benign uterine leiomyomas', 'Uterine fibroid']",Uterine leiomyoma. The presence of a leiomyoma of the uterus. Benign uterine leiomyomas. Uterine fibroid
HP:0000132,Menorrhagia,Prolonged and excessive menses at regular intervals in excess of 80 mL or lasting longer than 7 days.,"['Abnormally heavy bleeding during menstruation', 'Abnormally heavy periods', 'Hypermenorrhea']",Menorrhagia. Prolonged and excessive menses at regular intervals in excess of 80 mL or lasting longer than 7 days. Abnormally heavy bleeding during menstruation. Abnormally heavy periods. Hypermenorrhea
HP:0000133,Gonadal dysgenesis,"Gonadal dysgenesis is the name given to any of a multitude of conditions that can cause impaired development of the gonads, i.e., the testes or ovaries, or to the related phenotypic features. The term is to be avoided if possible for new annotations, and more specific terms should be chosen.","['Mixed gonadal dysgenesis', 'Pure gonadal dysgenesis']","Gonadal dysgenesis. Gonadal dysgenesis is the name given to any of a multitude of conditions that can cause impaired development of the gonads, i.e., the testes or ovaries, or to the related phenotypic features. The term is to be avoided if possible for new annotations, and more specific terms should be chosen. Mixed gonadal dysgenesis. Pure gonadal dysgenesis"
HP:0000134,Female hypogonadism,"Decreased functionality of the female gonads, i.e., of the ovary.","['Hypogonadism, female']","Female hypogonadism. Decreased functionality of the female gonads, i.e., of the ovary. Hypogonadism, female"
HP:0000135,Hypogonadism,A decreased functionality of the gonad.,['Decreased activity of gonads'],Hypogonadism. A decreased functionality of the gonad. Decreased activity of gonads
HP:0000136,Bifid uterus,The presence of a bifid uterus.,[],Bifid uterus. The presence of a bifid uterus. 
HP:0000137,Abnormality of the ovary,An abnormality of the ovary.,"['Abnormality of the ovaries', 'Abnormality of the ovary', 'Ovarian disease']",Abnormality of the ovary. An abnormality of the ovary. Abnormality of the ovaries. Abnormality of the ovary. Ovarian disease
HP:0000138,Ovarian cyst,The presence of one or more cysts of the ovary.,"['Cystic abnormalities of the ovaries', 'Cystic ovaries', 'Ovarian cyst', 'Ovarian cystic abnormality']",Ovarian cyst. The presence of one or more cysts of the ovary. Cystic abnormalities of the ovaries. Cystic ovaries. Ovarian cyst. Ovarian cystic abnormality
HP:0000139,Uterine prolapse,The presence of prolapse of the uterus.,['Sagging uterus'],Uterine prolapse. The presence of prolapse of the uterus. Sagging uterus
HP:0000140,Abnormality of the menstrual cycle,An abnormality of the ovulation cycle.,"['Abnormality of the menstrual cycle', 'Menstrual abnormalities']",Abnormality of the menstrual cycle. An abnormality of the ovulation cycle. Abnormality of the menstrual cycle. Menstrual abnormalities
HP:0000141,Amenorrhea,Absence of menses for an interval of time equivalent to a total of more than (or equal to) 3 previous cycles or 6 months.,['Abnormal absence of menstruation'],Amenorrhea. Absence of menses for an interval of time equivalent to a total of more than (or equal to) 3 previous cycles or 6 months. Abnormal absence of menstruation
HP:0000142,Abnormal vagina morphology,Any structural abnormality of the vagina.,['Vaginal malformation'],Abnormal vagina morphology. Any structural abnormality of the vagina. Vaginal malformation
HP:0000143,Rectovaginal fistula,The presence of a fistula between the vagina and the rectum.,['Abnormal connection between rectum and vagina'],Rectovaginal fistula. The presence of a fistula between the vagina and the rectum. Abnormal connection between rectum and vagina
HP:0000144,Decreased fertility,,"['Abnormal fertility', 'Decreased fertility']",Decreased fertility.  Abnormal fertility. Decreased fertility
HP:0000145,Transverse vaginal septum,,['Transverse vaginal membrane'],Transverse vaginal septum.  Transverse vaginal membrane
HP:0000147,Polycystic ovaries,,"['Polycystic ovary', 'Sclerocystic ovaries', 'Polycystic ovary disease']",Polycystic ovaries.  Polycystic ovary. Sclerocystic ovaries. Polycystic ovary disease
HP:0000148,Vaginal atresia,Congenital occlusion of the vagina or adhesion of the walls of the vagina causing occlusion.,['Abnormally closed or absent vagina'],Vaginal atresia. Congenital occlusion of the vagina or adhesion of the walls of the vagina causing occlusion. Abnormally closed or absent vagina
HP:0000149,Ovarian gonadoblastoma,The presence of a gonadoblastoma of the ovary.,"['Gonadoblastoma, female']","Ovarian gonadoblastoma. The presence of a gonadoblastoma of the ovary. Gonadoblastoma, female"
HP:0000150,Gonadoblastoma,"The presence of a gonadoblastoma, a neoplasm of a gonad that consists of aggregates of germ cells and sex cord elements.",[],"Gonadoblastoma. The presence of a gonadoblastoma, a neoplasm of a gonad that consists of aggregates of germ cells and sex cord elements. "
HP:0000151,Aplasia of the uterus,A congenital defect characterized by absence of the uterus. Aplasia refers to the failure of an organ to develop during embryonic growth and development due to the absence of primordial tissue.,"['Absent uterus', 'uterus absent']",Aplasia of the uterus. A congenital defect characterized by absence of the uterus. Aplasia refers to the failure of an organ to develop during embryonic growth and development due to the absence of primordial tissue. Absent uterus. uterus absent
HP:0000152,Abnormality of head or neck,An abnormality of head and neck.,"['Abnormality of head or neck', 'Head and neck abnormality']",Abnormality of head or neck. An abnormality of head and neck. Abnormality of head or neck. Head and neck abnormality
HP:0000153,Abnormality of the mouth,An abnormality of the mouth.,"['Abnormal mouth', 'Abnormality of the mouth']",Abnormality of the mouth. An abnormality of the mouth. Abnormal mouth. Abnormality of the mouth
HP:0000154,Wide mouth,"Distance between the oral commissures more than 2 SD above the mean. Alternatively, an apparently increased width of the oral aperture (subjective).","['Broad mouth', 'Large mouth', 'Large oral aperture', 'Macrostomia', 'Wide mouth']","Wide mouth. Distance between the oral commissures more than 2 SD above the mean. Alternatively, an apparently increased width of the oral aperture (subjective). Broad mouth. Large mouth. Large oral aperture. Macrostomia. Wide mouth"
HP:0000155,Oral ulcer,"Erosion of the mucous mebrane of the mouth with local excavation of the surface, resulting from the sloughing of inflammatory necrotic tissue.","['Mouth sore', 'Mouth ulcer', 'Oral mucosal ulceration']","Oral ulcer. Erosion of the mucous mebrane of the mouth with local excavation of the surface, resulting from the sloughing of inflammatory necrotic tissue. Mouth sore. Mouth ulcer. Oral mucosal ulceration"
HP:0000157,Abnormality of the tongue,Any abnormality of the tongue.,"['Abnormal tongue', 'Abnormality of the tongue', 'Glossal abnormality', 'Lingual abnormality', 'Tongue abnormality']",Abnormality of the tongue. Any abnormality of the tongue. Abnormal tongue. Abnormality of the tongue. Glossal abnormality. Lingual abnormality. Tongue abnormality
HP:0000158,Macroglossia,Increased length and width of the tongue.,"['Glossal hypertrophy', 'Lingual hyperplasia', 'Lingual hypertrophy', 'Abnormally large tongue', 'Hyperplasia of the tongue', 'Hypertrophy of the tongue', 'Increased size of tongue', 'Large tongue', 'Tongue hypertrophy']",Macroglossia. Increased length and width of the tongue. Glossal hypertrophy. Lingual hyperplasia. Lingual hypertrophy. Abnormally large tongue. Hyperplasia of the tongue. Hypertrophy of the tongue. Increased size of tongue. Large tongue. Tongue hypertrophy
HP:0000159,Abnormal lip morphology,An abnormality of the lip.,"['Abnormal lip', 'Abnormality of the lip', 'Lip abnormality', 'Anomaly of lip', 'Deformity of lip', 'Malformation of lip']",Abnormal lip morphology. An abnormality of the lip. Abnormal lip. Abnormality of the lip. Lip abnormality. Anomaly of lip. Deformity of lip. Malformation of lip
HP:0000160,Narrow mouth,"Distance between the commissures of the mouth more than 2 SD below the mean. Alternatively, an apparently decreased width of the oral aperture (subjective).","['Microstomia', 'Narrow mouth', 'Small mouth', 'Small oral aperture']","Narrow mouth. Distance between the commissures of the mouth more than 2 SD below the mean. Alternatively, an apparently decreased width of the oral aperture (subjective). Microstomia. Narrow mouth. Small mouth. Small oral aperture"
HP:0000161,Median cleft upper lip,A type of cleft lip presenting as a midline (median) gap in the upper lip.,"['Central cleft upper lip', 'Midline cleft lip']",Median cleft upper lip. A type of cleft lip presenting as a midline (median) gap in the upper lip. Central cleft upper lip. Midline cleft lip
HP:0000162,Glossoptosis,"Posterior displacement of the tongue into the pharynx, i.e., a tongue that is mislocalised posteriorly.","['Posterior displacement of the tongue', 'Lingual retraction', 'Retraction of the tongue']","Glossoptosis. Posterior displacement of the tongue into the pharynx, i.e., a tongue that is mislocalised posteriorly. Posterior displacement of the tongue. Lingual retraction. Retraction of the tongue"
HP:0000163,Abnormal oral cavity morphology,"Abnormality of the oral cavity, i.e., the opening or hollow part of the mouth.",['Abnormality of the oral cavity'],"Abnormal oral cavity morphology. Abnormality of the oral cavity, i.e., the opening or hollow part of the mouth. Abnormality of the oral cavity"
HP:0000164,Abnormality of the dentition,Any abnormality of the teeth.,"['Abnormal dentition', 'Abnormal teeth', 'Dental abnormalities', 'Dental abnormality', 'Dental anomalies', 'Abnormality of the teeth', 'Dental problem', 'Dental problems', 'Tooth abnormalities']",Abnormality of the dentition. Any abnormality of the teeth. Abnormal dentition. Abnormal teeth. Dental abnormalities. Dental abnormality. Dental anomalies. Abnormality of the teeth. Dental problem. Dental problems. Tooth abnormalities
HP:0000166,Severe periodontitis,A severe form of periodontitis.,"['Severe gum disease', 'Severe periodontal disease', 'Severe pyorrhea']",Severe periodontitis. A severe form of periodontitis. Severe gum disease. Severe periodontal disease. Severe pyorrhea
HP:0000168,Abnormality of the gingiva,Any abnormality of the gingiva (also known as gums).,"['Abnormality of the gums', 'Gingival abnormality']",Abnormality of the gingiva. Any abnormality of the gingiva (also known as gums). Abnormality of the gums. Gingival abnormality
HP:0000169,Gingival fibromatosis,The presence of fibrosis of the gingiva.,"['Gingival fibroma', 'Gingival fibrous nodules', 'Hereditary gingival fibromatosis', 'Idiopathic gingival hyperplasia']",Gingival fibromatosis. The presence of fibrosis of the gingiva. Gingival fibroma. Gingival fibrous nodules. Hereditary gingival fibromatosis. Idiopathic gingival hyperplasia
HP:0000171,Microglossia,Decreased length and width of the tongue.,"['Abnormally small tongue', 'Decreased size of tongue', 'Hypoglossia', 'Hypoplasia of the tongue', 'Hypoplastic tongue', 'Lingual hypoplasia', 'Rudimentary tongue', 'Small tongue', 'Underdevelopment of the tongue']",Microglossia. Decreased length and width of the tongue. Abnormally small tongue. Decreased size of tongue. Hypoglossia. Hypoplasia of the tongue. Hypoplastic tongue. Lingual hypoplasia. Rudimentary tongue. Small tongue. Underdevelopment of the tongue
HP:0000172,Abnormal uvula morphology,"Abnormality of the uvula, the conic projection from the posterior edge of the middle of the soft palate.","['Abnormality of palatine uvula', 'Abnormality of the uvula']","Abnormal uvula morphology. Abnormality of the uvula, the conic projection from the posterior edge of the middle of the soft palate. Abnormality of palatine uvula. Abnormality of the uvula"
HP:0000174,Abnormal palate morphology,"Any abnormality of the palate, i.e., of roof of the mouth.","['Abnormality of the palate', 'Abnormality of the roof of the mouth', 'Palatal anomaly', 'Palate abnormality']","Abnormal palate morphology. Any abnormality of the palate, i.e., of roof of the mouth. Abnormality of the palate. Abnormality of the roof of the mouth. Palatal anomaly. Palate abnormality"
HP:0000175,Cleft palate,Cleft palate is a developmental defect of the palate resulting from a failure of fusion of the palatine processes and manifesting as a separation of the roof of the mouth (soft and hard palate).,"['Cleft secondary palate', 'Cleft hard and soft palate', 'Cleft of hard and soft palate', 'Cleft of palate', 'Cleft palate', 'Cleft roof of mouth', 'Palatoschisis', 'Uranostaphyloschisis']",Cleft palate. Cleft palate is a developmental defect of the palate resulting from a failure of fusion of the palatine processes and manifesting as a separation of the roof of the mouth (soft and hard palate). Cleft secondary palate. Cleft hard and soft palate. Cleft of hard and soft palate. Cleft of palate. Cleft palate. Cleft roof of mouth. Palatoschisis. Uranostaphyloschisis
HP:0000176,Submucous cleft hard palate,Hard-palate submucous clefts are characterized by bony defects in the midline of the bony palate that are covered by the mucous membrane of the roof of the mouth. It may be possible to detect a submucous cleft hard palate upon palpation as a notch in the bony palate.,['Partial thickness cleft hard palate'],Submucous cleft hard palate. Hard-palate submucous clefts are characterized by bony defects in the midline of the bony palate that are covered by the mucous membrane of the roof of the mouth. It may be possible to detect a submucous cleft hard palate upon palpation as a notch in the bony palate. Partial thickness cleft hard palate
HP:0000177,Abnormal upper lip morphology,An abnormality of the upper lip.,"['Abnormality of upper lip', 'Anomaly of the upper lip', 'Deformity of the upper lip', 'Malformation of the upper lip']",Abnormal upper lip morphology. An abnormality of the upper lip. Abnormality of upper lip. Anomaly of the upper lip. Deformity of the upper lip. Malformation of the upper lip
HP:0000178,Abnormal lower lip morphology,An abnormality of the lower lip.,"['Abnormality of lower lip', 'Anomaly of the lower lip', 'Deformity of the lower lip', 'Malformation of the lower lip']",Abnormal lower lip morphology. An abnormality of the lower lip. Abnormality of lower lip. Anomaly of the lower lip. Deformity of the lower lip. Malformation of the lower lip
HP:0000179,Thick lower lip vermilion,"Increased thickness of the lower lip, leading to a prominent appearance of the lower lip. The height of the vermilion of the lower lip in the midline is more than 2 SD above the mean. Alternatively, an apparently increased height of the vermilion of the lower lip in the frontal view (subjective).","['Full lower lip vermilion', 'Increased height of lower lip vermilion', 'Increased volume of lower lip', 'Increased volume of lower lip vermilion', 'Plump lower lip', 'Prominent lower lip', 'Thick vermilion border of lower lip', 'Prominent lower lip vermilion', 'Thick red part of the lower lip', 'Full lower lip', 'Thick lower lip']","Thick lower lip vermilion. Increased thickness of the lower lip, leading to a prominent appearance of the lower lip. The height of the vermilion of the lower lip in the midline is more than 2 SD above the mean. Alternatively, an apparently increased height of the vermilion of the lower lip in the frontal view (subjective). Full lower lip vermilion. Increased height of lower lip vermilion. Increased volume of lower lip. Increased volume of lower lip vermilion. Plump lower lip. Prominent lower lip. Thick vermilion border of lower lip. Prominent lower lip vermilion. Thick red part of the lower lip. Full lower lip. Thick lower lip"
HP:0000180,Lobulated tongue,Multiple indentations and/or elevations on the edge and/or surface of the tongue producing an irregular surface contour.,"['Bumpy tongue', 'Lingual lobules', 'Lobulate tongue']",Lobulated tongue. Multiple indentations and/or elevations on the edge and/or surface of the tongue producing an irregular surface contour. Bumpy tongue. Lingual lobules. Lobulate tongue
HP:0000182,Movement abnormality of the tongue,,"['Abnormality of lingual movement', 'Movement abnormality of the tongue']",Movement abnormality of the tongue.  Abnormality of lingual movement. Movement abnormality of the tongue
HP:0000183,Tongue muscle weakness,"Reduced strength of the tongue musculature, resulting in difficulties moving the tongue and possible accompanied by dysarthria or dysphagia.",[],"Tongue muscle weakness. Reduced strength of the tongue musculature, resulting in difficulties moving the tongue and possible accompanied by dysarthria or dysphagia. "
HP:0000185,Cleft soft palate,"Cleft of the soft palate (also known as the velum, or muscular palate) as a result of a developmental defect occurring between the 7th and 12th week of pregnancy. Cleft soft palate can cause functional abnormalities of the Eustachian tube with resulting middle ear anomalies and hearing difficulties, as well as speech problems associated with hypernasal speech due to velopharyngeal insufficiency.","['Cleft muscular palate', 'Cleft of soft palate', 'Cleft velum']","Cleft soft palate. Cleft of the soft palate (also known as the velum, or muscular palate) as a result of a developmental defect occurring between the 7th and 12th week of pregnancy. Cleft soft palate can cause functional abnormalities of the Eustachian tube with resulting middle ear anomalies and hearing difficulties, as well as speech problems associated with hypernasal speech due to velopharyngeal insufficiency. Cleft muscular palate. Cleft of soft palate. Cleft velum"
HP:0000187,Broad alveolar ridges,,"['Broad alveolar margins', 'Widened alveolar ridges', 'Broad alveolar processes of jaw', 'Wide alveolar margins', 'Wide alveolar processes of jaw', 'Wide gum ridges']",Broad alveolar ridges.  Broad alveolar margins. Widened alveolar ridges. Broad alveolar processes of jaw. Wide alveolar margins. Wide alveolar processes of jaw. Wide gum ridges
HP:0000188,Short upper lip,Decreased width of the upper lip.,"['Decreased height of upper lip', 'Decreased upper labial height', 'Decreased upper labial length', 'Decreased vertical length of upper lip', 'Short upper lip', 'Shortening of upper lip', 'Vertical deficiency of upper lip']",Short upper lip. Decreased width of the upper lip. Decreased height of upper lip. Decreased upper labial height. Decreased upper labial length. Decreased vertical length of upper lip. Short upper lip. Shortening of upper lip. Vertical deficiency of upper lip
HP:0000189,Narrow palate,Width of the palate more than 2 SD below the mean (objective) or apparently decreased palatal width (subjective).,"['Decreased palatal width', 'Decreased transverse dimension of palate', 'Narrow palate', 'Narrow roof of mouth']",Narrow palate. Width of the palate more than 2 SD below the mean (objective) or apparently decreased palatal width (subjective). Decreased palatal width. Decreased transverse dimension of palate. Narrow palate. Narrow roof of mouth
HP:0000190,Abnormal oral frenulum morphology,"An abnormality of the lingual frenulum, that is of the small fold of mucous membrane that attaches the tongue to the floor of the mouth, or the presence of accessory frenula in the oral cavity.","['Abnormality of frenum of tongue', 'Abnormality of lingual frenum', 'Abnormality of oral frenula', 'Abnormality of oral frenum']","Abnormal oral frenulum morphology. An abnormality of the lingual frenulum, that is of the small fold of mucous membrane that attaches the tongue to the floor of the mouth, or the presence of accessory frenula in the oral cavity. Abnormality of frenum of tongue. Abnormality of lingual frenum. Abnormality of oral frenula. Abnormality of oral frenum"
HP:0000191,Accessory oral frenulum,Extra fold of tissue extending from the alveolar ridge to the inner surface of the upper or lower lip.,"['Accessory oral frenum', 'Extra oral frenulum', 'Extra oral frenum', 'Multiple oral frenula', 'Supernumerary oral frenulum', 'Supernumerary oral frenum']",Accessory oral frenulum. Extra fold of tissue extending from the alveolar ridge to the inner surface of the upper or lower lip. Accessory oral frenum. Extra oral frenulum. Extra oral frenum. Multiple oral frenula. Supernumerary oral frenulum. Supernumerary oral frenum
HP:0000193,Bifid uvula,Uvula separated into two parts most easily seen at the tip.,"['Bifid palatine uvula', 'Cleft of uvula', 'Cleft uvula', 'Forked uvula', 'Split uvula', 'Uvula bifida']",Bifid uvula. Uvula separated into two parts most easily seen at the tip. Bifid palatine uvula. Cleft of uvula. Cleft uvula. Forked uvula. Split uvula. Uvula bifida
HP:0000194,Open mouth,A facial appearance characterized by a permanently or nearly permanently opened mouth.,"['Gaped jawed appearance', 'Gaped mouthed appearance', 'Open mouth', 'Slack jawed appearance', 'Open mouth appearance']",Open mouth. A facial appearance characterized by a permanently or nearly permanently opened mouth. Gaped jawed appearance. Gaped mouthed appearance. Open mouth. Slack jawed appearance. Open mouth appearance
HP:0000196,Lower lip pit,"Depression located on the vermilion of the lower lip, usually paramedian.",[],"Lower lip pit. Depression located on the vermilion of the lower lip, usually paramedian. "
HP:0000197,Abnormal parotid gland morphology,"Any abnormality of the parotid glands, which are the salivary glands that are located in the subcutaneous tissues of the face overlying the mandibular ramus and anterior and inferior to the external ear.","['Abnormality of parotid gland', 'Anomaly of the parotid gland']","Abnormal parotid gland morphology. Any abnormality of the parotid glands, which are the salivary glands that are located in the subcutaneous tissues of the face overlying the mandibular ramus and anterior and inferior to the external ear. Abnormality of parotid gland. Anomaly of the parotid gland"
HP:0000198,Absence of Stensen duct,,"['Absence of parotid duct', 'Absent stensen duct', 'Failure of development of parotid duct', 'Failure of development of stensen duct', 'Missing parotid duct', 'Missing stensen duct', 'Agenesis of parotid duct', 'Agenesis of stensen duct']",Absence of Stensen duct.  Absence of parotid duct. Absent stensen duct. Failure of development of parotid duct. Failure of development of stensen duct. Missing parotid duct. Missing stensen duct. Agenesis of parotid duct. Agenesis of stensen duct
HP:0000199,Tongue nodules,,['Lingual nodules'],Tongue nodules.  Lingual nodules
HP:0000200,Short lingual frenulum,The presence of an abnormally short lingual frenulum.,"['Hypoplasia of lingual frenulum', 'Hypoplasia of lingual frenum', 'Hypoplasia of tongue frenulum', 'Hypoplasia of tongue frenum', 'Deficiency of lingual frenulum', 'Short lingual frenum', 'Short tongue frenulum', 'Short tongue frenum', 'Tight lingual frenulum']",Short lingual frenulum. The presence of an abnormally short lingual frenulum. Hypoplasia of lingual frenulum. Hypoplasia of lingual frenum. Hypoplasia of tongue frenulum. Hypoplasia of tongue frenum. Deficiency of lingual frenulum. Short lingual frenum. Short tongue frenulum. Short tongue frenum. Tight lingual frenulum
HP:0000201,Pierre-Robin sequence,"Pierre Robin malformation is a sequence of developmental malformations characterized by micrognathia (mandibular hypoplasia), glossoptosis and cleft palate.","['Pierre Robin sequence', 'Pierre-robin anomaly', 'Pierre-robin deformity', 'Pierre-robin malformation', 'Robin sequence']","Pierre-Robin sequence. Pierre Robin malformation is a sequence of developmental malformations characterized by micrognathia (mandibular hypoplasia), glossoptosis and cleft palate. Pierre Robin sequence. Pierre-robin anomaly. Pierre-robin deformity. Pierre-robin malformation. Robin sequence"
HP:0000202,Orofacial cleft,"The presence of a cleft (gap, opening, or groove) in the oral cavity, including cleft of the upper lip and/or cleft of the palate. Cleft of the upper lip is visible as a groove or fissure in the lip, most frequently due to a congenital failure of the maxillary and median nasal processes to fuse. Cleft palate is characterized by a grooved depression or fissure in the roof of the mouth, most often resulting from a congenital failure of the palate to fuse properly. Clefts of the lip and palate can occur individually or together. It is preferable to code each defect separately.","['Cleft of the mouth', 'Oral cleft', 'Oral clefting', 'Cleft lip, cleft palate', 'Cleft lip/palate']","Orofacial cleft. The presence of a cleft (gap, opening, or groove) in the oral cavity, including cleft of the upper lip and/or cleft of the palate. Cleft of the upper lip is visible as a groove or fissure in the lip, most frequently due to a congenital failure of the maxillary and median nasal processes to fuse. Cleft palate is characterized by a grooved depression or fissure in the roof of the mouth, most often resulting from a congenital failure of the palate to fuse properly. Clefts of the lip and palate can occur individually or together. It is preferable to code each defect separately. Cleft of the mouth. Oral cleft. Oral clefting. Cleft lip, cleft palate. Cleft lip/palate"
HP:0000204,Cleft upper lip,A gap or groove in the upper lip. This is a congenital defect resulting from nonfusion of tissues of the lip during embryonal development.,"['Cheiloschisis of upper lip', 'Cleft upper lip', 'Harelip', 'Cleft of upper lip']",Cleft upper lip. A gap or groove in the upper lip. This is a congenital defect resulting from nonfusion of tissues of the lip during embryonal development. Cheiloschisis of upper lip. Cleft upper lip. Harelip. Cleft of upper lip
HP:0000205,Pursed lips,An abnormality of the appearance of the face caused by constant contraction of the lips leading to a puckered or pursed appearance.,"['Pursed lips', 'Tightly closed lips']",Pursed lips. An abnormality of the appearance of the face caused by constant contraction of the lips leading to a puckered or pursed appearance. Pursed lips. Tightly closed lips
HP:0000206,Glossitis,Inflammation of the tongue.,"['Inflammation of the tongue', 'Lingual inflammation', 'Smooth swollen tongue']",Glossitis. Inflammation of the tongue. Inflammation of the tongue. Lingual inflammation. Smooth swollen tongue
HP:0000207,Triangular mouth,The presence of a triangular form of the mouth.,"['Triangular mouth', 'Triangular shaped mouth', 'Triangular shaped oral aperture']",Triangular mouth. The presence of a triangular form of the mouth. Triangular mouth. Triangular shaped mouth. Triangular shaped oral aperture
HP:0000211,Trismus,Limitation in the ability to open the mouth.,"['Decrease in jaw mobility', 'Decrease in jaw movement', 'Decrease in jaw opening', 'Decrease in mandibular mobility', 'Decrease in mandibular movement', 'Decrease in mandibular opening', 'Limited jaw mobility', 'Limited jaw movement', 'Limited jaw opening', 'Limited mandibular mobility', 'Limited mandibular opening', 'Limited mouth opening', 'Lockjaw', 'Pain of muscles of mastication']",Trismus. Limitation in the ability to open the mouth. Decrease in jaw mobility. Decrease in jaw movement. Decrease in jaw opening. Decrease in mandibular mobility. Decrease in mandibular movement. Decrease in mandibular opening. Limited jaw mobility. Limited jaw movement. Limited jaw opening. Limited mandibular mobility. Limited mandibular opening. Limited mouth opening. Lockjaw. Pain of muscles of mastication
HP:0000212,Gingival overgrowth,"Hyperplasia of the gingiva (that is, a thickening of the soft tissue overlying the alveolar ridge. The degree of thickening ranges from involvement of the interdental papillae alone to gingival overgrowth covering the entire tooth crown.","['Gingival enlargement', 'Gingival hyperplasia', 'Gum enlargement', 'Gum hypertrophy', 'Hypertrophic gingivitis', 'Oral soft tissue hyperplasia']","Gingival overgrowth. Hyperplasia of the gingiva (that is, a thickening of the soft tissue overlying the alveolar ridge. The degree of thickening ranges from involvement of the interdental papillae alone to gingival overgrowth covering the entire tooth crown. Gingival enlargement. Gingival hyperplasia. Gum enlargement. Gum hypertrophy. Hypertrophic gingivitis. Oral soft tissue hyperplasia"
HP:0000214,Lip telangiectasia,"Telangiectasia (that is, the presence of small dilated superficial blood vessels) of the lips.","['Labial telangiectasia', 'Lip telangiectases', 'Telangiectasia of the lips', 'Angioectasias of the lip', 'Labial angioectasias', 'Spider veins of the lip']","Lip telangiectasia. Telangiectasia (that is, the presence of small dilated superficial blood vessels) of the lips. Labial telangiectasia. Lip telangiectases. Telangiectasia of the lips. Angioectasias of the lip. Labial angioectasias. Spider veins of the lip"
HP:0000215,Thick upper lip vermilion,"Height of the vermilion of the upper lip in the midline more than 2 SD above the mean. Alternatively, an apparently increased height of the vermilion of the upper lip in the frontal view (subjective).","['Full upper lip', 'Full upper lip vermilion', 'Increased height of upper lip vermilion', 'Increased volume of upper lip', 'Increased volume of upper lip vermilion', 'Plump upper lip', 'Prominent upper lip', 'Thick upper lip', 'Thick vermilion border of upper lip', 'Prominent upper lip vermilion', 'Thick red part of the upper lip']","Thick upper lip vermilion. Height of the vermilion of the upper lip in the midline more than 2 SD above the mean. Alternatively, an apparently increased height of the vermilion of the upper lip in the frontal view (subjective). Full upper lip. Full upper lip vermilion. Increased height of upper lip vermilion. Increased volume of upper lip. Increased volume of upper lip vermilion. Plump upper lip. Prominent upper lip. Thick upper lip. Thick vermilion border of upper lip. Prominent upper lip vermilion. Thick red part of the upper lip"
HP:0000216,Broad secondary alveolar ridge,,['Secondary alveolar ridges'],Broad secondary alveolar ridge.  Secondary alveolar ridges
HP:0000217,Xerostomia,Dryness of the mouth due to salivary gland dysfunction.,"['Decreased salivary flow', 'Dry mouth', 'Dry mouth syndrome', 'Reduced salivation']",Xerostomia. Dryness of the mouth due to salivary gland dysfunction. Decreased salivary flow. Dry mouth. Dry mouth syndrome. Reduced salivation
HP:0000218,High palate,Height of the palate more than 2 SD above the mean (objective) or palatal height at the level of the first permanent molar more than twice the height of the teeth (subjective).,"['Elevated palate', 'High arched palate', 'High palate', 'High, arched palate', 'High-arched palate', 'Increased palatal height', 'Palate high-arched', 'Palate, high-arched', 'Ogival palate']","High palate. Height of the palate more than 2 SD above the mean (objective) or palatal height at the level of the first permanent molar more than twice the height of the teeth (subjective). Elevated palate. High arched palate. High palate. High, arched palate. High-arched palate. Increased palatal height. Palate high-arched. Palate, high-arched. Ogival palate"
HP:0000219,Thin upper lip vermilion,"Height of the vermilion of the upper lip in the midline more than 2 SD below the mean. Alternatively, an apparently reduced height of the vermilion of the upper lip in the frontal view (subjective).","['Decreased height of upper lip vermilion', 'Decreased volume of upper lip', 'Decreased volume of upper lip vermilion', 'Thin upper lip', 'Thin vermilion border of upper lip', 'Thin red part of the upper lip', 'Thin upper lips']","Thin upper lip vermilion. Height of the vermilion of the upper lip in the midline more than 2 SD below the mean. Alternatively, an apparently reduced height of the vermilion of the upper lip in the frontal view (subjective). Decreased height of upper lip vermilion. Decreased volume of upper lip. Decreased volume of upper lip vermilion. Thin upper lip. Thin vermilion border of upper lip. Thin red part of the upper lip. Thin upper lips"
HP:0000220,Velopharyngeal insufficiency,Inability of velopharyngeal sphincter to sufficiently separate the nasal cavity from the oral cavity during speech.,"['Velopharyngeal dysfunction', 'Velopharyngeal incompetence']",Velopharyngeal insufficiency. Inability of velopharyngeal sphincter to sufficiently separate the nasal cavity from the oral cavity during speech. Velopharyngeal dysfunction. Velopharyngeal incompetence
HP:0000221,Furrowed tongue,Accentuation of the grooves on the dorsal surface of the tongue.,"['Fissured tongue', 'Grooved tongue', 'Lingua plicata', 'Lingual furrow', 'Plicated tongue', 'Prominent tongue grooves', 'Scrotal tongue']",Furrowed tongue. Accentuation of the grooves on the dorsal surface of the tongue. Fissured tongue. Grooved tongue. Lingua plicata. Lingual furrow. Plicated tongue. Prominent tongue grooves. Scrotal tongue
HP:0000222,Gingival hyperkeratosis,Hyperkeratosis of the gingiva.,"['Hyperkeratosis, gingival']","Gingival hyperkeratosis. Hyperkeratosis of the gingiva. Hyperkeratosis, gingival"
HP:0000223,Abnormality of taste sensation,,['Abnormality of taste sensation'],Abnormality of taste sensation.  Abnormality of taste sensation
HP:0000224,Hypogeusia,A decreased ability to perceive flavor.,"['Decreased taste', 'Decreased taste sensation']",Hypogeusia. A decreased ability to perceive flavor. Decreased taste. Decreased taste sensation
HP:0000225,Gingival bleeding,Hemorrhage affecting the gingiva.,"['Bleeding gums', 'Gingival haemorrhage', 'Gingival hemorrhage', 'Gingivorrhagia']",Gingival bleeding. Hemorrhage affecting the gingiva. Bleeding gums. Gingival haemorrhage. Gingival hemorrhage. Gingivorrhagia
HP:0000227,Tongue telangiectasia,"Telangiectasia (that is, the presence of small dilated superficial blood vessels) of the tongue.","['Lingual telangiectasia', 'Angioectasias of the tongue', 'Lingual angioectasias', 'Spider veins of the tongue']","Tongue telangiectasia. Telangiectasia (that is, the presence of small dilated superficial blood vessels) of the tongue. Lingual telangiectasia. Angioectasias of the tongue. Lingual angioectasias. Spider veins of the tongue"
HP:0000228,Oral cavity telangiectasia,Presence of telangiectases in the oral cavity.,"['Oral cavity teleangiectasia', 'Angioectasias of the mouth', 'Angioectasias of the oral cavity', 'Spider veins of the mouth', 'Spider veins of the oral cavity']",Oral cavity telangiectasia. Presence of telangiectases in the oral cavity. Oral cavity teleangiectasia. Angioectasias of the mouth. Angioectasias of the oral cavity. Spider veins of the mouth. Spider veins of the oral cavity
HP:0000230,Gingivitis,Inflammation of the gingiva.,"['Gingival inflammation', 'Inflamed gums', 'Red and swollen gums']",Gingivitis. Inflammation of the gingiva. Gingival inflammation. Inflamed gums. Red and swollen gums
HP:0000232,Everted lower lip vermilion,"An abnormal configuration of the lower lip such that it is turned outward i.e., everted, with the Inner aspect of the lower lip vermilion (normally opposing the teeth) being visible in a frontal view.","['Drooping lower lip', 'Eclabium of lower lip', 'Everted lower lip', 'Everted prominent lower lip', 'Outward turned lower lip', 'Protruding lower lip']","Everted lower lip vermilion. An abnormal configuration of the lower lip such that it is turned outward i.e., everted, with the Inner aspect of the lower lip vermilion (normally opposing the teeth) being visible in a frontal view. Drooping lower lip. Eclabium of lower lip. Everted lower lip. Everted prominent lower lip. Outward turned lower lip. Protruding lower lip"
HP:0000233,Thin vermilion border,"Height of the vermilion of the medial part of the lip more than 2 SD below the mean, or apparently reduced height of the vermilion of the lip in the frontal view. The vermilion is the red part of the lips (and confusingly, the vermilion itself is also often referred to as being equivalent the lips).","['Decreased volume of lip', 'Decreased volume of lip vermillion', 'Thin lips', 'Thin vermillion', 'Thin vermilion borders']","Thin vermilion border. Height of the vermilion of the medial part of the lip more than 2 SD below the mean, or apparently reduced height of the vermilion of the lip in the frontal view. The vermilion is the red part of the lips (and confusingly, the vermilion itself is also often referred to as being equivalent the lips). Decreased volume of lip. Decreased volume of lip vermillion. Thin lips. Thin vermillion. Thin vermilion borders"
HP:0000234,Abnormality of the head,An abnormality of the head.,"['Abnormal head', 'Abnormality of the head', 'Head abnormality']",Abnormality of the head. An abnormality of the head. Abnormal head. Abnormality of the head. Head abnormality
HP:0000235,Abnormal cranial suture/fontanelle morphology,Any abnormality of the fontanelles (the regions covered by a thick membrane that normally ossify in the first two years of life) or the cranial sutures (the fibrous joints in which the articulating bones or cartilages of the skull are connected by sutural ligaments).,['Abnormality of the fontanelles or cranial sutures'],Abnormal cranial suture/fontanelle morphology. Any abnormality of the fontanelles (the regions covered by a thick membrane that normally ossify in the first two years of life) or the cranial sutures (the fibrous joints in which the articulating bones or cartilages of the skull are connected by sutural ligaments). Abnormality of the fontanelles or cranial sutures
HP:0000236,Abnormal anterior fontanelle morphology,"An abnormality of the anterior fontanelle, i.e., the cranial fontanelle that is located at the intersection of the coronal and sagittal sutures.","['Abnormality of the anterior fontanelle', 'Abnormality of the forehead soft spot']","Abnormal anterior fontanelle morphology. An abnormality of the anterior fontanelle, i.e., the cranial fontanelle that is located at the intersection of the coronal and sagittal sutures. Abnormality of the anterior fontanelle. Abnormality of the forehead soft spot"
